{"cameraMode":{"drawMode":0,"name":"Shaded","section":"Shading Mode"},"sceneLighting":true,"audioPlay":false,"sceneViewState":{"showFog":true,"showMaterialUpdate":false,"showSkybox":true,"showFlares":true,"showImageEffects":true,"showParticleSystems":true},"in2DMode":false,"pivot":{"x":0.21619334816932679,"y":-2.9196395874023439,"z":1.337120532989502},"rotation":{"x":0.4277547001838684,"y":-0.052549656480550769,"z":0.024913424625992776,"w":0.902022123336792},"size":94.49932861328125,"orthographic":false}